{"cameraMode":{"drawMode":0,"name":"Shaded","section":"Shading Mode"},"sceneLighting":true,"audioPlay":false,"sceneViewState":{"showFog":false,"showMaterialUpdate":false,"showSkybox":false,"showFlares":false,"showImageEffects":false,"showParticleSystems":false},"in2DMode":false,"pivot":{"x":-159.0577392578125,"y":433.1885681152344,"z":-742.3696899414063},"rotation":{"x":-0.12092854827642441,"y":-0.3670952618122101,"z":0.04809539020061493,"w":-0.9211491346359253},"size":65.27139282226563,"orthographic":false}