{"cameraMode":{"drawMode":0,"name":"Shaded","section":"Shading Mode"},"sceneLighting":true,"audioPlay":false,"sceneViewState":{"showFog":false,"showMaterialUpdate":false,"showSkybox":false,"showFlares":false,"showImageEffects":false,"showParticleSystems":false},"in2DMode":false,"pivot":{"x":1174.8551025390625,"y":175.23255920410157,"z":380.020751953125},"rotation":{"x":-0.08281660079956055,"y":0.24291037023067475,"z":-0.02083486132323742,"w":-0.9662992358207703},"size":23.263708114624025,"orthographic":false}