{"cameraMode":{"drawMode":0,"name":"Shaded","section":"Shading Mode"},"sceneLighting":true,"audioPlay":false,"sceneViewState":{"showFog":false,"showMaterialUpdate":false,"showSkybox":false,"showFlares":false,"showImageEffects":false,"showParticleSystems":false},"in2DMode":false,"pivot":{"x":1342.5787353515625,"y":47.74822998046875,"z":453.2825012207031},"rotation":{"x":0.07931890338659287,"y":-0.6946094036102295,"z":0.07734765112400055,"w":0.7110612988471985},"size":2691.5693359375,"orthographic":false}