{"cameraMode":{"drawMode":0,"name":"Shaded","section":"Shading Mode"},"sceneLighting":true,"audioPlay":false,"sceneViewState":{"showFog":false,"showMaterialUpdate":false,"showSkybox":false,"showFlares":false,"showImageEffects":false,"showParticleSystems":false},"in2DMode":false,"pivot":{"x":-117.46900939941406,"y":142.76052856445313,"z":382.0364990234375},"rotation":{"x":-0.007474701385945082,"y":-0.9790198802947998,"z":0.20100037753582,"w":-0.03580211102962494},"size":621.4561767578125,"orthographic":false}