{"cameraMode":{"drawMode":0,"name":"Shaded","section":"Shading Mode"},"sceneLighting":true,"audioPlay":false,"sceneViewState":{"showFog":false,"showMaterialUpdate":false,"showSkybox":false,"showFlares":false,"showImageEffects":false,"showParticleSystems":false},"in2DMode":false,"pivot":{"x":980.07177734375,"y":-65.4959716796875,"z":-512.933837890625},"rotation":{"x":-0.06412740051746369,"y":-0.8883786797523499,"z":0.4357469081878662,"w":-0.13104408979415894},"size":660.6165771484375,"orthographic":false}