{"cameraMode":{"drawMode":0,"name":"Shaded","section":"Shading Mode"},"sceneLighting":false,"audioPlay":false,"sceneViewState":{"showFog":false,"showMaterialUpdate":false,"showSkybox":false,"showFlares":false,"showImageEffects":false,"showParticleSystems":false},"in2DMode":false,"pivot":{"x":13.464630126953125,"y":-3.813347339630127,"z":-3.6668715476989748},"rotation":{"x":-0.03343021497130394,"y":0.9639354348182678,"z":-0.2194138616323471,"w":-0.14686700701713563},"size":5.600373268127441,"orthographic":false}